,impurity_importance,permutation_importance_f1,mean_abs_shap,direction_corr
duration_s,0.14270636479789484,0.0,0.07167260319280191,-0.08039942000256171
mean_inter_read_ms,0.13185290319809914,0.0,0.06661945179306294,-0.083318940876132
mb_min_cross_reader_delta_ms,0.1302213466495312,0.0,0.06571057738316298,-0.6066874703483186
mcm_suspicion_score,0.11563904574929192,0.0,0.05865846583389642,0.995028124893878
std_inter_read_ms,0.11397257375863999,0.0,0.0575394024222449,-0.07761343058228394
mcm_read_count_window,0.1128881173523245,0.0,0.05718476723251021,0.99771495246864
max_inter_read_ms,0.10742305318336105,0.0,0.05376291942928945,-0.07634906483232175
n_reads,0.10538894195047926,0.0,0.053540250292152425,0.48652082796729496
mb_concurrent_reader_max,0.01143822086330719,0.0,0.0060833327579825494,0.9641417287237777
reader_transition_count,0.008478493747959821,0.0,0.004119112501507255,0.9647967928261987
n_distinct_readers,0.006963461751914805,0.0,0.003997064035642326,0.9586158174308647
reader_transition_rate,0.007490149121749017,0.0,0.0032457782882632912,0.9365611889690244
mb_duplicate_flag,0.005537327875447278,0.0,0.00306091971604212,0.9689701299010942
success_rate,0.0,0.0,0.0,
n_distinct_distance,0.0,0.0,0.0,
distance_std,0.0,0.0,0.0,
n_distinct_orientation,0.0,0.0,0.0,
impossible_movement_rate,0.0,0.0,0.0,
orientation_std,0.0,0.0,0.0,
impossible_movement_count,0.0,0.0,0.0,
